Metric,Key,Value
Average_Total_Amount,1.0,20.16982602802572
Average_Total_Amount,2.0,15.915825410625022
Average_Total_Amount,3.0,10.212765220260684
Average_Total_Amount,4.0,1.5616430509496533
Trip_Count,1.0,717127.0
Trip_Count,2.0,322070.0
Trip_Count,3.0,6061.0
Trip_Count,4.0,3317.0
Avg_Trip_Distance,1.0,3.1955113111066797
Avg_Trip_Distance,2.0,2.9995812401030832
Avg_Trip_Distance,3.0,2.7148836825606337
Avg_Trip_Distance,4.0,2.785884835694905
Avg_Tip_Amount,1.0,3.051245804439102
Avg_Tip_Amount,2.0,0.0001590958487285373
Avg_Tip_Amount,3.0,0.008803827751196171
Avg_Tip_Amount,4.0,0.024241784745251734
Total_Fare_by_PULocationID,132.0,2046577.81
Total_Fare_by_PULocationID,138.0,712289.34
Total_Fare_by_PULocationID,230.0,473524.08
Total_Fare_by_PULocationID,161.0,451550.61
Total_Fare_by_PULocationID,186.0,433646.72
Total_Fare_by_PULocationID,48.0,402706.8
Total_Fare_by_PULocationID,237.0,368678.26
Total_Fare_by_PULocationID,236.0,349977.5
Total_Fare_by_PULocationID,162.0,346383.56
Total_Fare_by_PULocationID,79.0,324822.41
Avg_Total_Amount_by_Vendor,1.0,18.303742038122035
Avg_Total_Amount_by_Vendor,2.0,18.956542407367593
Daily_Trip_Count,2003-01-01 00:00:00,1.0
Daily_Trip_Count,2008-12-31 00:00:00,2.0
Daily_Trip_Count,2009-01-01 00:00:00,4.0
Daily_Trip_Count,2019-12-18 00:00:00,2.0
Daily_Trip_Count,2019-12-31 00:00:00,129.0
Daily_Trip_Count,2020-01-01 00:00:00,168578.0
Daily_Trip_Count,2020-01-02 00:00:00,160291.0
Daily_Trip_Count,2020-01-03 00:00:00,181520.0
Daily_Trip_Count,2020-01-04 00:00:00,181706.0
Daily_Trip_Count,2020-01-05 00:00:00,163038.0
